contest_id,candidate_name,candidate_party,sheet_number,election_year,election_month,candidate_id
2112016,DONALD J. TRUMP ,REP,2,2016,11,86c4b8db0e614c12343f89ce974b91902e787f1fbd798005af0f140b51d7b929
2112016,HILLARY CLINTON ,DEM,2,2016,11,08e5ad8dcf96fa2e9936cf2419f0cd5ef7fa6c81da9a38fbec6a572c27aca34c
2112016,GARY JOHNSON ,LIB,2,2016,11,354e279fb5421e120f1a02b4fdbc0776b5d0ad3c04ebcbaa646d586eb899468c
3112016,JOHNNY ISAKSON (I) ,REP,3,2016,11,fdb13ab7505be16a2ad25cb94d9a448bbdf35511ddcbc7405d15e2f9bcf8b8f2
3112016,JIM BARKSDALE ,DEM,3,2016,11,361565da1fa79e975a662ad464f678b6d32743ef2ef248123b39354801631470
3112016,ALLEN BUCKLEY ,LIB,3,2016,11,69098c7dc92c43f69ffb899ad095f0c14cda624ed50ed1e67361bb0c1e4d3d31
4112016,TIM ECHOLS (I) ,REP,4,2016,11,9563b530805b8e59b46fe2492b228a3f93fe1ceae330ba98ca80ec18d3a8396e
4112016,ERIC HOSKINS ,LIB,4,2016,11,89d97757c0c1e664c32e8822b618055de354692086995d36385fdecaf58ada69
5112016,EARL 'BUDDY' CARTER (I) ,REP,5,2016,11,91b95ec0c9eef078447afcb79a7748ad35bd7260822cf9e039bf2289a7baf0e7
6112016,GREG DUKE ,REP,6,2016,11,5a7b3828d75e787a612a115351b887fc92af2557b8499da0870178d53014bd95
6112016,SANFORD BISHOP (I) ,DEM,6,2016,11,e1d8a38e074337775565bdb78b5c22794feb548ee246c1dc77e5f0f5ad2612ff
7112016,DREW FERGUSON ,REP,7,2016,11,dd1c98d08ed467f11cf8884a6e5b8ef5915f69a2a3d11aadf0200b4fb2b3c898
7112016,ANGELA PENDLEY ,DEM,7,2016,11,1f1cf050b9f978935c1fd7e43335ad924d9193a40a6f914a49ed71db5bb3d583
8112016,VICTOR ARMENDARIZ ,REP,8,2016,11,a7d811379bfac3e7ea689a17e37c0e5b6c233582b4e3383fa96328613574bb24
8112016,HENRY C 'HANK' JOHNSON JR (I) ,DEM,8,2016,11,09a6928fddfbbae0bcf13495264c26c21974f9608ec0372411f81074ca82e746
9112016,DOUGLAS BELL ,REP,9,2016,11,69a538b9569759712f55ef6ee1400d021280fe04876f694122e5d317e5a81d3a
9112016,JOHN R. LEWIS (I) ,DEM,9,2016,11,78a3bbf5368dbd9afd1e1eccf54333b9d9a9b2d4932a9171629a85b1255d0abd
10112016,TOM PRICE (I) ,REP,10,2016,11,d08b2c8cdc10385b8afa5900092174a7dc2326fd52663a517646f4867258c869
10112016,RODNEY STOOKSBURY ,DEM,10,2016,11,24148a91b7828500a0af7667d9a185b67be2f52019550de6774cd5441d408ee6
11112016,ROB WOODALL (I) ,REP,11,2016,11,785da998100a262984ea26fe53554f17d7301f0943fae6fd1171a209be8864b7
11112016,RASHID MALIK ,DEM,11,2016,11,d692eb5362b94d1173869a609a64b5966018290a74f4d5341ae8f5135db4427b
12112016,AUSTIN SCOTT (I) ,REP,12,2016,11,cf942ce49597a69ddf52039144af020824af3b99cd48953a11a768a2b9df5ca0
12112016,JAMES NEAL HARRIS ,DEM,12,2016,11,ffc04b653014135d946ebc550d1d861a077fcb4b4322d029d0b60adab5decc84
13112016,DOUG COLLINS (I) ,REP,13,2016,11,3bb7f9202a8b0fa3cf0cfc0664154c5b68d2dcee1c5e67d5c7151d336ff27acb
14112016,JODY HICE (I) ,REP,14,2016,11,4e59a47cded907a0ee0d5754da3a32bcc4fbc0dbab856ba7396e6e076b486248
15112016,BARRY LOUDERMILK (I) ,REP,15,2016,11,bdcda51984006d871b1581b4dc2eb1bff3a578941a63b68fe423871731f09d50
15112016,DON WILSON ,DEM,15,2016,11,52f4e6b4bf78b730ca12579f8d1355ee1314d0247993b86515270feee199f620
16112016,RICK ALLEN (I) ,REP,16,2016,11,e0582b77c5f050627aa2e1faf516ac6068be69cdcc79a5e71790a882255d30b5
16112016,PATRICIA C. MCCRACKEN ,DEM,16,2016,11,9eb62e0cf369a706f845757cdebc7b5b5171073462e28f06687d64299f46b22a
17112016,DAVID SCOTT (I) ,DEM,17,2016,11,dd3dde7dda393cf6be441bf02d5b410681fe94539d7a19f1aa0227e32c49ccbd
18112016,TOM GRAVES (I) ,REP,18,2016,11,d45b767c509f35d96953cd17a4e6c8d2a64992aa0d6fb583daa0253abae21829
19112016,BEN WATSON (I) ,REP,19,2016,11,b4b1610d77279c915def511f129df0dabe70c3fcb4583ac11c37fc59206c33e4
20112016,LESTER JACKSON (I) ,DEM,20,2016,11,d7837ab7823ec849bae2e0679c31b106bd58e5e292c197ff35cc108160acda89
21112016,WILLIAM LIGON JR (I) ,REP,21,2016,11,ca5f2b3705998bdc02d660542ce3bb2a28bf59c1348ce6213eed8d09474b26d2
22112016,JACK HILL (I) ,REP,22,2016,11,667f2eecf018df6dfa72377d49d1830df2b0e482d945678f956bfaf401f41999
23112016,CURT THOMPSON (I) ,DEM,23,2016,11,fee3ec94c903ce5c3e5bfdf93f3f05540036e356fc6ae166d00d269a40ab8105
24112016,HUNTER HILL (I) ,REP,24,2016,11,290847bfca66eba70223381554e191f00b0f41d91260c5c97cffec6ba75958a7
24112016,JAHA HOWARD ,DEM,24,2016,11,2f0f4d5a7d92cb6112a3b0728bdeac0336f5520c78a86419b4d253959f1ee507
25112016,TYLER HARPER (I) ,REP,25,2016,11,412d62988cd233e380a468f9cf3c88822ed65b2700daa1c200e4dceab9e48d2f
26112016,ELLIS BLACK (I) ,REP,26,2016,11,0ef470bbade1f8753d6e203535408132dfb6333f78601c21c1dcacf12d3cbbe9
26112016,GREGORY WILLIAMS ,DEM,26,2016,11,85326a93a6b78336855e7b009b3e5080242f394e86dcf3476b4d1ef42a8111ed
27112016,P. K. MARTIN (I) ,REP,27,2016,11,f17376585144fa3c04fde01b1995650ea68ecaf2a0a2a59c919b139d146aee43
28112016,EMANUEL JONES (I) ,DEM,28,2016,11,31084b492b24bb0e272fb7b82f360e5b2b1dba2915cd68a2ca8288961d4830bb
29112016,DEAN BURKE (I) ,REP,29,2016,11,d9eb2f407771ae2de54ef04a976885d479f5c748d16fb5ad07adedd1a9c5acc8
30112016,FREDDIE POWELL SIMS (I) ,DEM,30,2016,11,c06906504b86667c2cf4e04375de260c3ab382b3181c2a34987c193f74c3e92d
31112016,GREG KIRK (I) ,REP,31,2016,11,0379c512db899e1a0fd89134f375591aafa0e2db47edc2b9345351544ceee447
31112016,RUENETTE MELTON ,DEM,31,2016,11,0291233f1022417383da20a6bdb19fd709b4e62f601d8a14abc1acb0234aa866
32112016,BRUCE THOMPSON (I) ,REP,32,2016,11,3ddbc40e9257425391e2f75ce6e707926c335fbe247373186d25c8057238ffa4
33112016,ED HARBISON (I) ,DEM,33,2016,11,fa00b02aa13834322d4b4ff33907d92143bce75a7546e0677a586a88cbcf2334
34112016,MARTY HARBIN (I) ,REP,34,2016,11,33fb8ef3a19a5622465048db37d7bbf0ae580babf0c1f63a341fa9f1de38df25
35112016,RICHARD JEFFARES (I) ,REP,35,2016,11,a47bc2391e49eee4bbff923445d8552104ccfa2e322b033a179d341a64212663
35112016,BILL BLACKMON ,DEM,35,2016,11,939d18e6e2363897d71315043949bb31eabd221143ae403b014516951da87b3a
36112016,JOHN F. KENNEDY (I) ,REP,36,2016,11,6af80a9a11a276851df589b75bc3f70928f5298d4d52d7c4e999ab1b097f7a1e
37112016,BLAKE TILLERY ,REP,37,2016,11,516b7482b63431ade6be2de72d7e4c179f88d9b55a8143f6b1c430db405148bf
38112016,LARRY WALKER (I) ,REP,38,2016,11,725ad318de24b75cc6f2aa6ecc642547880bd06c22a195eed2c6233f32adefc4
39112016,BRANDON BEACH (I) ,REP,39,2016,11,9ff7807248acfce296253c7b9009b303218d88d65d0e424e512e9eec28702f1b
40112016,HAROLD V. JONES II (I) ,DEM,40,2016,11,a7bde10b0b75a805afa58e06b38dc3924c4c42ae39f0f5470471dbb2410de35f
41112016,JESSE STONE (I) ,REP,41,2016,11,22c5ea6410d7bf7639d5f3631f841e4661386b495c6207a7ec7b24ec9d01f7a9
42112016,LEE ANDERSON ,REP,42,2016,11,2b4cc4d62328437f541f7633a5580357390c209d9a21ea0105648bd5b35d6a34
42112016,BRENDA J. JORDAN ,DEM,42,2016,11,8f076b975a8538b6c348e8f6db66f56390ce4d5a21b9dfd76c031ae941937615
43112016,BURT JONES (I) ,REP,43,2016,11,f056e61990b7a0414d8a0ae19c648127dc20eef1066d9c456f258ac99052171c
44112016,DAVID LUCAS SR (I) ,DEM,44,2016,11,512e541499354e913e0b71b8435507600d0c2a4a44be1ebabf953bcfc2b97629
45112016,MICHAEL WILLIAMS (I) ,REP,45,2016,11,1df168fc9acc1cbe76f563aa1b630dc1d253f54ac180183d7cf464257ba96c16
45112016,DANIEL BLACKMAN ,DEM,45,2016,11,b3847af4be65e0687980c8da437b051f00caa66e43ce05e585d6bc897304de8f
46112016,MATT BRASS ,REP,46,2016,11,7ab47082a9e16b1f12a9f10dfd7acad71818e3a1da92ff13e4c881d16b57928e
47112016,JOSH MCKOON (I) ,REP,47,2016,11,ec7f0fa3c6a90c1de28b77c74e81e8da0e4a28d1d110364a5e15a17b0f169503
47112016,BEN ANDERSON ,DEM,47,2016,11,aff85d8aec446efc413bd686f913fcad08c99025a7b0cfa8c60b43bee77dfa55
48112016,MICHAEL DUGAN (I) ,REP,48,2016,11,35f6cbab7f2e2faf86780a1ae75da0cf38df9fc6e91fee4351f549afa9c2e6c6
49112016,BILL HEATH (I) ,REP,49,2016,11,a1c015ab8740315d7636a0624d9c5503aa864f35105c6c94ef0fdd5dd5ec9bb3
50112016,JUDSON HILL (I) ,REP,50,2016,11,114c19471e010e18ad813a6cb3cbb7dfe8895aa48621ef67d9be437523a1b3ef
51112016,MICHAEL RHETT (I) ,DEM,51,2016,11,e9172b21cfb12aba9dd095fbdfe1fdc76744b2470756eeb26c1b5784c1aed4a4
52112016,VALENCIA SEAY (I) ,DEM,52,2016,11,6850f69bbe89096fad49d0835d88f8d4e48720b7054f60dcff90f88e89f1d596
53112016,DONZELLA JAMES (I) ,DEM,53,2016,11,e659cc58c4796e5de29474e1072ce226667a6da21ad11a07d66ad93c47f12c37
54112016,NAN ORROCK (I) ,DEM,54,2016,11,624c9d88da36a1a45e814440aed510fc27de6667bfe012c9d067a2ba2af7936e
55112016,LINDSEY TIPPINS (I) ,REP,55,2016,11,f2aec564723321df850ac8367b32187181f99c61102ebf370301e778d18809e5
56112016,JAMES (J. W.) MORROW JR ,REP,56,2016,11,001109651dac646ee35bbb8e46760c8fd41863e6a8b5221911e06523d329346e
56112016,HORACENA TATE (I) ,DEM,56,2016,11,abecdfc6c5432645c4686515921e48bf25857612da80a5e9c99a1cd45dd9e122
57112016,VINCENT FORT (I) ,DEM,57,2016,11,9dd4190e9efbaf30cca22f5ca0b1df40619e5fd4802f96a840d9ea9f2778bddd
58112016,FRAN MILLAR (I) ,REP,58,2016,11,4feb9398a89b957e69b4d963f8b320e68feb8ea3698ca0df6750d5f2fe123727
58112016,TAMARA JOHNSON-SHEALEY ,DEM,58,2016,11,d568aa66c05bc07a59421b18653cfe1a9b1dc8fb3e672202fbecc068c56065eb
59112016,STEVE HENSON (I) ,DEM,59,2016,11,080d771436aaf096f46596fc022609ee66f721f5bfcb7a68c0ff9005594dfe7f
60112016,KENNETH BRETT QUARTERMAN ,REP,60,2016,11,64d5fd62bb29eef9a4c2840503be2f519eb9f9d3353624ea27a1d22a38485210
60112016,ELENA PARENT (I) ,DEM,60,2016,11,6922022d4d52efc209e27a7277c2c1cf206148887aee0c6366d00d8fd0d3157d
61112016,JANICE VAN NESS (I) ,REP,61,2016,11,33094e5fbd99e1230f05e153e947cc0126286c535ab99bbbfd28b277edda7581
61112016,TONYA P. ANDERSON ,DEM,61,2016,11,c1b32a665ce73e38c950d308899fa457268bd912951c20ca8f6f51c2c16effbe
62112016,GAIL DAVENPORT (I) ,DEM,62,2016,11,95c5f7d7302ed9d371c123cba45b80fd2014a963757ba839d3170b78e61fdea0
63112016,RENEE UNTERMAN (I) ,REP,63,2016,11,0e788d23101de15e031dbe739cb1a35f5367dfa9473c640dd73081a6d90eca6b
64112016,BILL COWSERT (I) ,REP,64,2016,11,1c9d565d910ecdf18ee8c7397e0a1e65c66459848a02c43810e9938ee9021488
65112016,FRANK GINN (I) ,REP,65,2016,11,5d684b68e40441bc5c694a571ba76546548ef2410cd602c16d7fec59f2703a97
66112016,DAVID SHAFER (I) ,REP,66,2016,11,542ee52ced59dae3f98fed9b30af2266b93f872baddeeb1c1acf9c1e95234a5a
67112016,CECIL T. BUTCH MILLER (I) ,REP,67,2016,11,29e52700d272a5f4260246dbddf876b511fbcdb8fa36450d5fd06a6406b0f6d3
68112016,JOHN K WILKINSON (I) ,REP,68,2016,11,7e09a665c485ae7b187eb19f64751ac7ff699d508048dab9ebbdeb2be342e30d
69112016,STEVE GOOCH (I) ,REP,69,2016,11,321ff10a718e05d5e650b067c3292d2b54fbf77d3e6ddce95d17b46e01d58364
70112016,CHUCK HUFSTETLER (I) ,REP,70,2016,11,4559548d1eded867567bb46fc5309881a081b8a0000195ca893154168d46e434
71112016,JEFF MULLIS (I) ,REP,71,2016,11,0fb5fb0bef2c11f5663225cd5b45e9cf98542b96ef7313effc8a9482b515a5e3
72112016,CHARLIE BETHEL (I) ,REP,72,2016,11,15e5d1e07f3dca7f9b7f9180e57b85bf156c5c1ea249a3d7419b01585b5c7497
73112016,ANNETTE  DAVIS JACKSON ,REP,73,2016,11,40bde1224557458c62bbc683dd05286dacc1009fe6a723039658d85dd287de13
73112016,GLORIA BUTLER (I) ,DEM,73,2016,11,f921f7a6394d45c714531385b35a8687da9d7dcd0b9a4bfac21816d99884f773
74112016,JOHN ALBERS (I) ,REP,74,2016,11,c55376e8c77693d93091b4ac3886dbb3e3236ff03440d658d7932a7bdd16aa67
74112016,PATRICK THOMPSON ,DEM,74,2016,11,9598d064106db853c6bd6d4f1160ca151c1e688203d02f6afa13baf7b098c45e
75112016,JOHN DEFFENBAUGH (I) ,REP,75,2016,11,0f2b861e91f3a7215c5de93d44c97ae57229e1848b4ef3c1adb9a8548ca69b1e
76112016,STEVE TARVIN (I) ,REP,76,2016,11,d9639e926b51c1f5c0c86116057def299f0bc852c72fdecdca219558cc234bf0
77112016,DEWAYNE HILL ,REP,77,2016,11,d38c04ee1231a32454561b026e3fac01c0557b9f1a6b5787208bd58bcc5ac25a
78112016,BRUCE BROADRICK SR (I) ,REP,78,2016,11,3d33b42dc74ea61eb63587eedb1efc1ffc21d5ac06ebf7bb333e6b2854a4b876
79112016,JOHN MEADOWS (I) ,REP,79,2016,11,4753034fb70e5c612fb8bb73aac5d33a55db4095a68d2f81fe723e87b45de307
80112016,JASON T. RIDLEY ,REP,80,2016,11,5a2ec6b01ff77a4a6cc3c12e1f881f3461a746c135b9884dd7c92b5cf9b70c9d
81112016,DAVID RALSTON (I) ,REP,81,2016,11,6b91ba9d5b9e3e99402a6b21c8762d70a9608f0386a0351ad55c1d06ec9f53b1
82112016,MATT GURTLER ,REP,82,2016,11,f98f74a6f091a4b6b3b42337bfe55c758bcd5494ec6b12badd840986f1e9133c
83112016,KEVIN TANNER (I) ,REP,83,2016,11,75a2766554ed28e13e2ce1362574a1f51888368632fbf0c95dd7c7d58ec1c320
84112016,TERRY ROGERS (I) ,REP,84,2016,11,4288a7a9d286d23d639a453d6f35a12aaaa8013dab6870fbc0be562cb9e42cbf
85112016,RICK JASPERSE (I) ,REP,85,2016,11,7cf9472fd30dd5c49220366aeee5d99ce27e7c3bd310c72320bbc1013bb163b4
85112016,BRANDON D CRISP ,DEM,85,2016,11,7af4d57af270d80d789a427ed1ecef7e7ceba7a89301e37b60a518d1d50cd659
86112016,EDDIE LUMSDEN (I) ,REP,86,2016,11,f14f373f607c7e77aee9dd2e44e546afac9382d867a1fd50933292d1eea45389
87112016,KATIE DEMPSEY (I) ,REP,87,2016,11,c06d0d2124ecd7c3b83ab35ae4527574082dc76952dbf43969936323fee5515a
88112016,CHRISTIAN COOMER (I) ,REP,88,2016,11,b969dd6f1ae2b6b46f95fb0d0c88c629f149acaa934006b0d3ee4d368fd12fff
89112016,PAUL BATTLES (I) ,REP,89,2016,11,8602eea4bdfb299cb50dbdd20ee03be13ba32a6857d67dd2b1f6590c5095dc64
89112016,STEPHANIE F LUJAN ,DEM,89,2016,11,174962120ed1e5e93f66970069db031211f9b9dcf334dc7d91e8350b4fd8ce3b
90112016,TREY KELLEY (I) ,REP,90,2016,11,1426432e342da06db6bf16c319616abe91703e3064eeae40d05b6faf1160fffd
91112016,HOWARD MAXWELL (I) ,REP,91,2016,11,9de252561eec8c80c766c4c1d0c4b11b8f82216599afb110d721fbccd89197f2
92112016,KEVIN COOKE (I) ,REP,92,2016,11,2871ea6eb8e9e685688b38d41388bf379253e8e6d4deeccd00a5e05b1cc22dc2
93112016,PAULETTE RAKESTRAW (I) ,REP,93,2016,11,3c9814f830d47593bc19d9c57b0c37e98c44d8f84ecb397580070b9bbfdfc3df
94112016,MICHAEL CALDWELL (I) ,REP,94,2016,11,e6046ecf48ccae89487c9917782f3e3fa0e3677bb0936b80185f10b17c4f8d02
95112016,SCOT TURNER (I) ,REP,95,2016,11,70e332310c90cf6bee97561816cf2d8bfd1daad26561c5ea39465dee629a3322
96112016,WES CANTRELL (I) ,REP,96,2016,11,a5a373b9aa1ba5f0d11ba30bb153846f27bde45bca1fc3ee1b549580ceaad047
96112016,"OSCAR ""ASGHAR"" HAJLOO ",DEM,96,2016,11,2382ade9e3a01dfa905515b60227cfefc4e941028591ed83a716098c6256870a
97112016,MANDI BALLINGER (I) ,REP,97,2016,11,f7860a403ba6dbbbf5fe036163f5ed8880b67d086faf8dcc60b7ba9e774aabff
98112016,SHERI SMALLWOOD GILLIGAN (I) ,REP,98,2016,11,001f230e9ff2a962e3191fb08e98189db371338a46a2bc31d493c0445fe146c2
99112016,TODD JONES ,REP,99,2016,11,f0bba45b4bb0c636efc15fee7e51e19b4942285845281896a3d932277b494ebf
100112016,GEOFF DUNCAN (I) ,REP,100,2016,11,a6e3fdf94df46d59d0de937c1803e143de213dfe5a24612030ecb372541db436
101112016,LEE HAWKINS (I) ,REP,101,2016,11,354c27c6ed2fdce81edbdbdc186de86a372ed65a792463859c02b78f871dea10
102112016,DAN GASAWAY (I) ,REP,102,2016,11,426fc9755cddab5d06ff0997bb45cf1a93fb4fc36000c8b6ec4afe725ad49753
103112016,MATT DUBNIK ,REP,103,2016,11,9833741c68c020cbcc1f623a84cf1d1b601d5821878cf9cc49b9d393f5e8e0d0
104112016,EMORY DUNAHOO JR (I) ,REP,104,2016,11,6f639916040354e81f2a43b8c6afba88a02668862d13db8a574582bc0054cfcd
104112016,MICHELLE JONES ,DEM,104,2016,11,9d0352ee858cc363fd1a7cf2d9ddb38b498c3d4e9bb1cf697c490c865cd1b2b5
105112016,TOMMY BENTON (I) ,REP,105,2016,11,53197f131e9d866e6c74fc593b8ee8bbbbf3b8090a83299d424632b8b854e53a
106112016,ALAN POWELL (I) ,REP,106,2016,11,0d46f7102977cec719551ff002aa94abae3ebb3104fe511b085442b7fbd8e2a5
107112016,TOM MCCALL (I) ,REP,107,2016,11,593733bd62f814b4d6313145568a705f15c545f124e639ff22bb0d48cd6a1ccd
108112016,BERT REEVES (I) ,REP,108,2016,11,e49110b3a06ff8aece62928b6b45172b965d978be0149316820a013d2ac410ef
108112016,JUSTIN HOLSOMBACK ,DEM,108,2016,11,488e4a653158cfb4a9150be082eeca0e594c99bf51339fbca9ad8e7cd7b17ef6
109112016,ED SETZLER (I) ,REP,109,2016,11,37277c2a95af180a317240782ceabe835c93c11a4f790425a2cbeaf0b90e69da
110112016,EARL EHRHART (I) ,REP,110,2016,11,f9ce4817c834d3152f5e2f8ce8c92715368949bbd2fee1affce466202d8a45ed
111112016,SAM TEASLEY (I) ,REP,111,2016,11,1f5922205951e2d43f3fbff8729b05a0f1477333c27d05c3ba784869dec06f11
111112016,BILL BOLTON ,DEM,111,2016,11,8959c6230d2ac49812c4412a1fb93e477bc833403461cdd0143d64823a72ed58
112112016,DAVID WILKERSON (I) ,DEM,112,2016,11,aa087756092c0e51e6915129139e306514272ecdb5d1895521ea7201a75b93c0
113112016,ERICA THOMAS (I) ,DEM,113,2016,11,fe7af4644c0dbd1cdca1674b636584aa06a67022fc0b9a46748b5020cd6cde2e
114112016,RICH GOLICK (I) ,REP,114,2016,11,26f2dd90e465a7137e6822ea591ded429cb0d497dc84b540d8c45c065d6670a2
114112016,ERICK E. ALLEN ,DEM,114,2016,11,f3a33ddedd6c56e88bbd4779ac3a64a0666320fc2f3b260aaa7da9197a68c49f
115112016,MICHAEL SMITH (I) ,DEM,115,2016,11,19c8bfd2cdadba83fbc5df9a7b7bc6ea767772a93ee0c610e671d90354c1c95f
116112016,MATT VAUGHN ,REP,116,2016,11,7973df20ba389cf3e7675feebc0c7db70f6bb7e2a6c242fe5f91b0bcbf00a751
116112016,STACEY EVANS (I) ,DEM,116,2016,11,1f277a7ead7d769f36fdab91e74102b3c6877bd560ba612f6f4491ee71d275a6
117112016,SHARON COOPER (I) ,REP,117,2016,11,4532962fe527a52e5391b1a256ddaf7f1e029e45b195469f5fee81304dad766d
118112016,DON L. PARSONS (I) ,REP,118,2016,11,08309d759aa10429e6c640c7c701544a4fa8cb786a150538e56518ba8db4eb92
119112016,MATT DOLLAR (I) ,REP,119,2016,11,3edefc0fa24e90be1ac5a4257604363d0e1d0e8695e774343d9a167eaa7a5ab7
120112016,JOHN CARSON (I) ,REP,120,2016,11,938712dc149ed2ce65f40aa9ac146b2690f01ebc5a5f6710aa8273022c676948
121112016,JAN JONES (I) ,REP,121,2016,11,f3210e11a5a6364292e44eec2ec141d5d0880cde231552e6cea3264fae17f983
122112016,BETTY PRICE (I) ,REP,122,2016,11,da28370f393aa62fe1d3dfbc95e88358569dfe5cd53f8f8f6d24ffc5e3bc247b
123112016,CHARLES E. CHUCK MARTIN (I) ,REP,123,2016,11,b747a817ec87419dc18be89db29736440b236a279ba33b4d05aa2c4d80664126
124112016,BRAD RAFFENSPERGER (I) ,REP,124,2016,11,e82c05217f2ff28481d198f9dcbb3024578d579ccef44bef79ee1873209d418e
125112016,WENDELL WILLARD (I) ,REP,125,2016,11,98e17713c7214f674fea84623501ef59ed6b82908408386dce00cecc8ea6859f
126112016,DEBORAH SILCOX ,REP,126,2016,11,5d9e3a260744ab58b6fba4599479904b34f6c58ec6ffe964d23afb566cb5b02e
127112016,SHEILA JONES (I) ,DEM,127,2016,11,6261f828a51bb2cdb09193c3f727fb4c6e3dc8aba4b401b74add9d6cd690323b
128112016,BETH BESKIN (I) ,REP,128,2016,11,4428db6cc668d52a447a511ab8cedffba625fc54d2e4c29f64121807ecf39a0c
128112016,ROBERT BOB GIBELING ,DEM,128,2016,11,928be26d0c1f4da0882a11a4c1b397653a2f1463e75fa94539b2b2efc6214a87
129112016,MARIE METZE (I) ,DEM,129,2016,11,9d10810ce120da0dfa907cee19598a8af7dae66ddbd20106bcd9a61bfaacefdc
130112016,ABLE MABLE THOMAS (I) ,DEM,130,2016,11,b0c623176cd857d00ccdcc1ddc028f565c394eee623053512ee65fbe782d7af7
131112016,PAT GARDNER (I) ,DEM,131,2016,11,9048c9674fe4708f9d19d812fcf19959069c15b53996f011b34b44d22be78c29
132112016,PARK CANNON (I) ,DEM,132,2016,11,3e0107a037bf4da548d67b5a5c911aca63c203620d3e6f403ca0bb425e5d8116
133112016,DAVID DREYER ,DEM,133,2016,11,a665f7478219c93604fef838367955c84afc185cc9b7e60a5e4194fdc72c214d
134112016,RALPH NOBLES ,REP,134,2016,11,a1171df81ee0f0e2fabddfc5504b39e1071dc12710e8974013da90231bc9874b
134112016,KEISHA WAITES (I) ,DEM,134,2016,11,c8fb8f835aabdb176c74d2cfa07d19df9c04bf308c27da02dab67cd67cc4da16
135112016,ROGER BRUCE (I) ,DEM,135,2016,11,0cd014bc7b1196acb3bf366ba24b383230a7b0e4526ef805e8ff8c885bd95761
136112016,WILLIAM K. BODDIE JR ,DEM,136,2016,11,cd167459c5f318a7a420ccbf6bba0d2b4a688b74da67c641a2ee18ea1cfe90c8
137112016,DEBRA BAZEMORE ,DEM,137,2016,11,1b0b1fef9f49356a44042b308cbdf60c3b97acb30d2141cf818c02441d37f0d6
138112016,DERRICK L. JACKSON ,DEM,138,2016,11,c6f80a56f4ba08ea3ccd8bf648da776b489df03badf28919031e1a562163da45
139112016,GORDON ROLLE JR ,REP,139,2016,11,29968d05151e3c225aacb9f5e7fd4dfe1f63fe85d6a12db0f6cee5cf32f00e97
139112016,SHARON BEASLEY-TEAGUE (I) ,DEM,139,2016,11,198ff672ae1845568389d88ba7da48e932f3c87d575b704b781abfaf5ad6c307
140112016,BRUCE EMORY ,REP,140,2016,11,a7cd87fac00410ba06e2df9ae0d48fa07552dd86ae89fe3cee991b482952d382
140112016,KIMBERLY ALEXANDER (I) ,DEM,140,2016,11,535b3fd52ad2f733709bd09844492364336c7e5e57c01f7b0abfc68f1c98de09
141112016,MICAH GRAVLEY (I) ,REP,141,2016,11,5cbc5524d3d7ccd1a3f5c5cae965416ee149473a54a15465fa1b6127617b3fb0
142112016,J. COLLINS ,REP,142,2016,11,ffd56634f427666f92f8a155b15a1f57357e7db837ed25bffdc823d747b7114b
143112016,RANDY NIX (I) ,REP,143,2016,11,709a256ecfa305748a681b9ce187fe412f892d4bbf94aadf6aa484df5ee44f4f
144112016,LYNN SMITH (I) ,REP,144,2016,11,3417add97d196071b87d2fa524497f01c37c53a34f6a5bd7c6c066ed1f77545a
145112016,DAVID STOVER (I) ,REP,145,2016,11,61b38ab3bd3439db2596b1504ac6bb1ef06b7136b60076ba1d0e0724a9272ea0
145112016,CYNTHIA C. BENNETT ,DEM,145,2016,11,ecb3e194102752b771a4da84ab3283711c695ff673ab1971ddd944de0ffabb33
146112016,JOSH BONNER ,REP,146,2016,11,10adc5c151ec198d6c466a02bf4ac5c01b27c4e5e11fd81735f5b3a16b905cdd
147112016,KAREN MATHIAK ,REP,147,2016,11,3128a052c9b1ce4293fe3914c74eb9568f8aa7c0bc5404b04423dad646d4ed8b
147112016,RAHIM TALLEY ,DEM,147,2016,11,1c83bbf4afd28655585df9f55cc90bfdec3d9e0bd0b582124123914203266966
148112016,VALENCIA STOVALL (I) ,DEM,148,2016,11,e0f1312b51f7a2adb9007d696528e10c73fa0bd3ce566572d33dcd7fefffca04
149112016,MIKE GLANTON (I) ,DEM,149,2016,11,6f8fa19d3dbbd2fb3b768f26d072ac1989d9e3c1bfa6ce8ef961ad845596dcf1
150112016,SANDRA SCOTT (I) ,DEM,150,2016,11,f1277d1345538b1c42a6abfd8a68340ee6118a6a388884a9b392043b841d6225
151112016,RHONDA BURNOUGH ,DEM,151,2016,11,279abaa2d2eb6a2f2233464308b9572006684e873f2abbc4568b3f878e53c36f
152112016,DEMETRIUS DOUGLAS (I) ,DEM,152,2016,11,042f9b0fa0bdcff8fb823dd93ac751a6b368f186851020c3213376eb724e86d2
153112016,TOM TAYLOR (I) ,REP,153,2016,11,a32fc9cbbce8c2c2510a73de6fbbc2876cd92ef34c83a4cc7c09312554d53e92
154112016,MEAGAN HANSON ,REP,154,2016,11,f4ed95fb485640b2683297c30fbc22afadf1fdd5128128fcf399f8b43c9fffd7
154112016,TAYLOR BENNETT (I) ,DEM,154,2016,11,046204667cd46420649f6e551eecf19a7f78e9392dbf35e7c58193927df39ed0
155112016,LANE FLYNN ,REP,155,2016,11,99ac74d4d397a0dd4bcfe3cc0d6b5ab4df6f11ed4c60459645d210a7331c166f
155112016,SCOTT HOLCOMB (I) ,DEM,155,2016,11,c2b41ae1d9fd77ea0b212435361a9ffdd17c54f3e1b276c493fc1784c819821e
156112016,MARY MARGARET OLIVER (I) ,DEM,156,2016,11,96c46de81c4123ca28dee9ec15136a03509fd0cfd39cfead8c36afeaa2715c03
157112016,HOWARD MOSBY (I) ,DEM,157,2016,11,b5637af3472b2eee5aeebb5d1b646c60112ed85327247ace4d481765d85aba05
158112016,RENITTA SHANNON ,DEM,158,2016,11,9ef879f90494307b8b6bcb7388e480349303605a1f82030c8d322109ae80c44e
159112016,KARLA DRENNER (I) ,DEM,159,2016,11,d29b293986b293410ab2440b1c95bbe8b5a0f9c6e75ab0d390facfd4e6bfce4a
160112016,MICHELE HENSON (I) ,DEM,160,2016,11,2a3446e31dc48f64cfd885e926fa4ceb526ae8e5884087998096a93f6e510b18
161112016,"EARNEST ""COACH"" WILLIAMS (I) ",DEM,161,2016,11,dea30ea7be33d59fc48f21c7ab60f29b1e098544eb6b101216fa5b86040b47f9
162112016,BILLY MITCHELL (I) ,DEM,162,2016,11,aba120547dc2a4e959b6e73cb8d3f1b2cae1928005017ef3d162a475d5069498
163112016,STACEY Y ABRAMS (I) ,DEM,163,2016,11,1a123873efe754481812d1e6b8164e44d853306fcf1800af8a33d305558a0ff1
164112016,PAM STEPHENSON (I) ,DEM,164,2016,11,fffa525bce63bda49aec05b4bec550be2a7bfb01893789efd36f7e8ff85b4454
165112016,CARL ANUSZCZYK ,REP,165,2016,11,b61f9866995154f394e942c15e1c2235ef98c0e2834c9e62fb1325c0eaae9e2d
165112016,VERNON JONES ,DEM,165,2016,11,79882862b913ba38b1de8d7594176b9903ef253169a46c3dfb6b294932c6001b
166112016,DOREEN CARTER (I) ,DEM,166,2016,11,6e051cdaf0d5f111292634aaba7fad7c6b616079ce62f9f0288ae5b60eb21ee3
167112016,DARSHUN KENDRICK (I) ,DEM,167,2016,11,d142738051db6c6a4be74fcc58c94d8aa7e83dfd358b53b1f28c962ae2668e0b
168112016,KAREN BENNETT (I) ,DEM,168,2016,11,ab9aea75da1d510e3b5ac41c75650c6eb164a5487d9665da863aa30eb0acefdf
169112016,SCOTT HILTON ,REP,169,2016,11,c9ba1a0092557a465302aa389634dc38ac3c8f8b43ab933c92aa736120a8080d
170112016,"RICHARD ""RICK"" UNDERWOOD ",REP,170,2016,11,7956abe5832a2ef20012d703c5207f2ce410caf2fe07832c42ea5e3a657c666a
170112016,"PEDRO ""PETE"" MARIN (I) ",DEM,170,2016,11,aa13f86c693db6b660c74f55bdd9b8e69db13b677f1e4315e36c5836187dbfac
171112016,BROOKS COLEMAN (I) ,REP,171,2016,11,cae2dec2a1c10e5f501b960aaf9cfbd43b332ca462a6c11ab2d8724d5e8bf5e9
172112016,DAVID CLARK (I) ,REP,172,2016,11,8d0b813d97ce3d7007a70d7e47889ffdec74cc2f07e19fab417955818953c888
173112016,BRENDA LOPEZ ,DEM,173,2016,11,b1884dc7eea472f0242efb0e3fbc4c9ce2df1ae700e7c76209e17b88e7c84d43
174112016,DEWEY MCCLAIN (I) ,DEM,174,2016,11,edcf2b010d117cc52b20d71c9a68fcffac974af9ce4f12b471f33829d70dc30f
175112016,VALERIE CLARK (I) ,REP,175,2016,11,92ea1b954e15fc04ef9324262e2ba22f0eb6ce6cda4021fe2b573a915cf312a9
175112016,SAMUEL PARK ,DEM,175,2016,11,35ad676243c8c36ecaf440f0fb0b9a33da93b56f9a5a2fd11c426b86c88df23c
176112016,BUZZ BROCKWAY (I) ,REP,176,2016,11,7d570eac554cd5a060dcd1b293117a56689d33976cca0066ca47773600ec2dce
176112016,KAREN T. RIDGEWAY ,DEM,176,2016,11,61b66786c2fc3bb8eac7c9d017a5537f6b530cbd30f6deefbae4a73d56aee718
177112016,TIMOTHY BARR (I) ,REP,177,2016,11,d13619a98490510857fa916f15c5b0d77bfd01a0375fdb965b868f17248e2296
178112016,CHUCK EFSTRATION (I) ,REP,178,2016,11,2e7d02815511d7c1f30bf6f8859b27feb40b489f1d102ab69310c44bb9134ca4
179112016,JOYCE CHANDLER (I) ,REP,179,2016,11,611049554e3390ed89b8c538914e7a304cee3d73c306b8b421806b774b71e6a9
179112016,DONNA MCLEOD ,DEM,179,2016,11,51211a0e0c0f744cefcbab798c45abd8c088ff2cc3e33d5e5844478efe48e491
180112016,BRETT HARRELL (I) ,REP,180,2016,11,589a0a5eb53d1728924505fe01de2ef2de00e05194a88c43822dc49af82ba1c4
181112016,DAVID CASAS (I) ,REP,181,2016,11,1ad26a38a3818e6a6753796971d1c53b41ef493e47936c76b8ba52fea8c021be
182112016,CLAY COX ,REP,182,2016,11,7fcf7919d1730e1deab6373246ec83c88f7527c94c252fef5ffc8e494e44be20
182112016,"TOKHIR ""T.R."" RADJABOV ",DEM,182,2016,11,ade24beef83a54d95b43965b4743396f4427301c43a308b67030dadf952d02ac
183112016,DALE RUTLEDGE (I) ,REP,183,2016,11,500aba4133497925203f32fcbefe93feba3506ee9f9251126a7f17895206598c
183112016,JANE ASKEW RUTLEDGE ,DEM,183,2016,11,33bd0563668ba9d0f22dc7bebc9f9f8fb5e35d343933b2810ece128cb52ebbac
184112016,ANDY WELCH (I) ,REP,184,2016,11,8c65c1b7e3c0564379f46f82951d511a02b20141a834456895271f8c1b9e9461
185112016,BRIAN STRICKLAND (I) ,REP,185,2016,11,51707b4b858310eb9cbec8366c44f571ccd5d362303e0de8469e6b5bb237096d
185112016,I. DARRYL PAYTON ,DEM,185,2016,11,fcd22cf6254b15bd5eca44a8be86fd7e38f465a74a7dd26cbc3bed38bf356993
186112016,DAVE BELTON (I) ,REP,186,2016,11,5286eb2ed1a9b1f495e89b7d9a186b42390144a26334210bd546f0ea4ba91aa6
187112016,"PAMELA ""PAM"" DICKERSON (I) ",DEM,187,2016,11,c316a4334b7e3e560e6fac089b0a561548a7369d1bd82e5fc8623fee8c0ced83
188112016,TOM KIRBY (I) ,REP,188,2016,11,b6d765520021fd08cd8fbf59839157c9b48611e0793a65e7984df5899742625c
189112016,BRUCE WILLIAMSON (I) ,REP,189,2016,11,9b1f46f3449e0dc0713faaad54fa5c1d059743648b1f4e5fc876810684f6123d
190112016,TERRY ENGLAND (I) ,REP,190,2016,11,081539fe444fbcddcb5c9407b53e184b5a4c5239c2a10daa49943f6ef8760327
191112016,REGINA QUICK (I) ,REP,191,2016,11,8b9792a93880fe90290009bd57e2ce595abd725e0979c6cbf5bad2b97d17e40e
192112016,SPENCER FRYE (I) ,DEM,192,2016,11,9140fe123e6a64a6735a1b43e9fd76f233bf50bba61422001d0d16ee6d01479f
193112016,CHUCK WILLIAMS (I) ,REP,193,2016,11,da2409475629779b2cceefc4363122da9e0e88f8e4b20cb1b8bbfbbcb8601caa
194112016,TREY RHODES (I) ,REP,194,2016,11,228de7152ccbca20d812e520fd3071bb12c7f2a26312bc4ab9ba19119bfcc0e8
195112016,BARRY FLEMING (I) ,REP,195,2016,11,9a4b660978fab41a62462d1bda3aff0859c9fda3dc3db17a96d9f00244d252b8
196112016,JODI LOTT (I) ,REP,196,2016,11,3df2b26f2789f3d762303e0ed65fe41663adf663d627846214536662c859bb96
197112016,MARK NEWTON ,REP,197,2016,11,31a93ee56ecd0b50e2a35db7dde4e5a6527ac9ea11a2460f001c671d8746e20f
198112016,"HENRY ""WAYNE"" HOWARD (I) ",DEM,198,2016,11,73fea0ba927c21fbacba3d4a00a7583e98a4a7cafb14a2e33bf357903d49d3a7
199112016,SHEILA CLARK NELSON ,DEM,199,2016,11,38b5b2b9fa4863da50d01961854745f8c23bb57a04a8a013d3e6b97ec9a5a873
200112016,GLORIA FRAZIER (I) ,DEM,200,2016,11,36d07719b01c9fa5f1e8021805417a751403c51c64fec60fbbeb17ae0be282f7
201112016,BRIAN L. PRINCE (I) ,DEM,201,2016,11,2fe73a3073a681ff929eb26aadd85febb87438c7ecc0c1051d6e8a7fcc7652c2
202112016,MACK JACKSON (I) ,DEM,202,2016,11,36af3b560fd41569726b382ddc21bb0e3a63bca246ef224b43819c3bff0d0274
203112016,SUSAN HOLMES (I) ,REP,203,2016,11,92d3978b6a2cde9355edf97a92363a77bc67ac7fb091725bf7cc3b8fef1da52a
204112016,DAVID KNIGHT (I) ,REP,204,2016,11,0a9d600c307bda5e3538ea95d6384d842fe3bc40c30f7ead61e2552a32a1d3b5
205112016,JOHNNIE CALDWELL (I) ,REP,205,2016,11,716840e9b1c3e922fa80301416248ddf337ca4ca0f008e233c9c4d304f8b8186
206112016,GENE KING ,REP,206,2016,11,a289dda361535d100884b72a41f19c7c5a0e699a299d7df5df790f212d4404d7
206112016,BOB TRAMMELL JR (I) ,DEM,206,2016,11,8d922f7a054c87ea052330c3c048cb4a16ee5fe0bfbc039356cb1f6e96c01371
207112016,JOHN PEZOLD (I) ,REP,207,2016,11,68296005252c18866d7d9957186cb5d883aea78b0f13c17f265b13037f2755bb
208112016,RICHARD SMITH (I) ,REP,208,2016,11,55fcf092f0152e8529a91cdf17b91b8e062ca7b72e895b2446413268cac90588
209112016,CALVIN SMYRE (I) ,DEM,209,2016,11,bb5d58d0199619fde460e8a0a68e9296da23a0ea16a2fd613b98deea558a8c13
210112016,CAROLYN HUGLEY (I) ,DEM,210,2016,11,61b0e921d030c4fe520c9a702154e53e4d54900308e2f47fccd034876d6d4c30
211112016,DEBBIE G.  BUCKNER (I) ,DEM,211,2016,11,5acb963d6c63d557a260f4cfb03d7dc7c83dd373f32ca44e2741723c9aeb9cce
212112016,MIKE CHEOKAS (I) ,REP,212,2016,11,2fd94aba423567a3e278321b0161790f14569a56f83a09aebdc415b10f809abf
212112016,BILL MCGOWAN ,DEM,212,2016,11,155d0966342a331f1076d65194837df8b37d02dfc464a446e30873855b628182
213112016,PATTY J. BENTLEY (I) ,DEM,213,2016,11,a6bd7d5e9dd08d7b58965f944a71bc6209f8a2b12dc949e5daa400ccc782bcb6
214112016,ROBERT DICKEY (I) ,REP,214,2016,11,1f75e92e6610a18594ddbf341149413fb745bad627a2fd61a7c997e332730232
215112016,ALLEN PEAKE (I) ,REP,215,2016,11,9b274111dee14dabf8115358c5af33ff0f0cdcd1c155521d6f92495becbcd063
216112016,MIRIAM PARIS ,DEM,216,2016,11,ce3e8620638c39a651995492889eb6b3e9f89cc08f3f439e8866740313643a46
217112016,JAMES BEVERLY (I) ,DEM,217,2016,11,47197eea5fee5c4cf4bbf2dd31d6860d122860d278a5cebe0b6c221a0f2fa9ca
218112016,JAMES BUBBER EPPS (I) ,REP,218,2016,11,e0be3b97744d48e768f018be2ed01a269f506b92f78857ae8db5cc2b80bf4a9b
218112016,JOYCE DENSON ,DEM,218,2016,11,0c47f9b9d27e4d5470e49e84b98204dafd21babac2afb277674d98cc2a564855
219112016,RICKY A WILLIAMS ,REP,219,2016,11,54ea80fa12f2fc3955fc86eebd2a7b4dea8568619e263d3434e10c20f173c18d
219112016,FLOYD GRIFFIN ,DEM,219,2016,11,ee7303e7b8f3d839fa7ea29f0cdfcd9bc68d0d1efb485a278b7321e4092d5fc2
220112016,SHAW BLACKMON (I) ,REP,220,2016,11,1cabcee148871e08bbebc3595c6505ab8fda41c8544e09bc54d680f6f874490b
221112016,HEATH CLARK (I) ,REP,221,2016,11,aafcfdf5a3982d9968c23e8bf0a4c408a99ebf43829442afedc1beb9b922329e
222112016,BUDDY HARDEN (I) ,REP,222,2016,11,86eb1078cf7cac51d2a61c026004e6416ac1a981d245cf4590b47038c50644e4
223112016,JIMMY PRUETT (I) ,REP,223,2016,11,f254364c6ab058b0c08b330b5754a5115a4e2bae9c9f4780ad34f1c084f8063a
224112016,MATT HATCHETT (I) ,REP,224,2016,11,643b8fbd4484a433d29774a838fdfda4f2fba1f60d8b559dcee904c6aa111483
225112016,GERALD GREENE (I) ,REP,225,2016,11,9003a2d95b442110712f8edea3a6d0301382fa0bb08f4231b3d68e45778a117b
225112016,KENNETH ZACHARY JR ,IND,225,2016,11,fe04ea2a7b5e29a2e1f2e6d317573b3f3077a6e25cb58ab77de1f20addc7148f
226112016,ED RYNDERS (I) ,REP,226,2016,11,db930aa2f07459da163a808093eff7109d694fc5061a7664cdbb0373476ecaa5
227112016,DARREL EALUM (I) ,DEM,227,2016,11,f2f27f32f68e5de92c36576c77c46125a0adf954099ec3115ee622e64488bf09
228112016,WINFRED DUKES (I) ,DEM,228,2016,11,b96733876db97c0dd8e0a9ce4320f6c42625346c8c7885a09987ae7c84e1bb9d
229112016,CLAY PIRKLE (I) ,REP,229,2016,11,8358292caa51fed90387156f12ca3ebc82e9a05d7b24da4b5c2df77d02c82fed
230112016,GREG MORRIS (I) ,REP,230,2016,11,d15925a57cfd71fe558b1aca05e260b851676edd61910422ecb29907ca105494
231112016,"WILLIAM ""BILL"" WERKHEISER (I) ",REP,231,2016,11,3c35534e260b3cd7181d15d22d65b0f5d85254785baffa857a27c2f8a6546d17
232112016,BUTCH PARRISH (I) ,REP,232,2016,11,762051a5af35f2890371cb6162b0e0ca1808c4f08b710cecfe66178e0fb80638
233112016,JON G. BURNS (I) ,REP,233,2016,11,a932fa9670574436132a739609a99ea61724d1c567d501b7539597bb458a3081
234112016,JAN TANKERSLEY (I) ,REP,234,2016,11,e976bc39f54f942fbd98db36cef98348854f80f3af1d382c3346e3f71312e12d
234112016,JAMES WOODALL ,DEM,234,2016,11,8f6d2621d7a873c533e1c960269db9f48b36105caf6a0089c01d15a612750d3a
235112016,BILL HITCHENS (I) ,REP,235,2016,11,32716b4edafff3375e50582338877060e380c236fe4b6178641fed276d47680f
236112016,CARL GILLIARD ,DEM,236,2016,11,7e06bdcfb0cfbb26587dc8b255a67880764613fc88b0d84dc702552c5ec25757
237112016,J. CRAIG GORDON (I) ,DEM,237,2016,11,9c2718bfa863c70d826dd8c4b354e32ef3eadb1308d7c74108b0f7ca8028224d
238112016,RON STEPHENS (I) ,REP,238,2016,11,679ccbe931fcb5bd1905950a51796f5b6eb2755cef21447e3689e805732c9f5d
239112016,MICKEY STEPHENS (I) ,DEM,239,2016,11,e58f65dadceca25d1a1651abcd81530462f89f1b9440592d63746a4f769713ea
240112016,JESSE PETREA (I) ,REP,240,2016,11,14927e7fd10812a0d374198ac3d251f879bcceac871458cf4645de8b953d504a
241112016,JEFF JONES (I) ,REP,241,2016,11,0efa2f581b74b8f53ab0078979a582ce1c89427848a48d6f84443d706a49896e
242112016,AL WILLIAMS (I) ,DEM,242,2016,11,edde11880e9555d088a628dc2daca9a5bc4b62e3011aaba093ff9a02186f0fdb
243112016,DOMINIC LARICCIA (I) ,REP,243,2016,11,9611dfd74eea17872f008a30aa1e3f7116c724631d1e5caa476ea5ef4b532c90
244112016,PENNY HOUSTON (I) ,REP,244,2016,11,bd768917018a1b595ac70595e374e0962d358d69a17323fbfc226f242e757535
245112016,JAY POWELL (I) ,REP,245,2016,11,84fdad204a20f49b2a8140795b77e48839090a809b4d0ce1093e1297dd1b35c9
246112016,SAM WATSON (I) ,REP,246,2016,11,bb0f3fa7a351c70b5a232117edb839d7e043c90d4cccacbab56cd4862746a9ba
247112016,DARLENE TAYLOR (I) ,REP,247,2016,11,ade25771698ba256c5799f798a24d7b71e1a45311aeac2a7ee64ea007c2f2301
247112016,"TOMMY ""TC"" HILL ",DEM,247,2016,11,e4ee1ce1d82f3c2cda9b177f1d338a8578582975f58759c1bdb937a51875fb40
248112016,JOHN CORBETT (I) ,REP,248,2016,11,315681be098801f1b25307f4f32e8795e2bd4258ad2a964b2b14ddb3d6cea8c8
249112016,AMY A. CARTER (I) ,REP,249,2016,11,477b625c77291c9fc8fd4a97f6c872924b9185db44b8985bb06d03149ebf673b
250112016,JASON SHAW (I) ,REP,250,2016,11,1a34d05bc3539b7dde1f1eaf5749a0455ef24167d2faff52401812ae4a03b195
251112016,DEIDRA A WHITE ,REP,251,2016,11,99ecc72dd0dafeeb8a0cc0aec3bf78ebcba5f32ffd09a5f862ee32c5c22a84c7
251112016,DEXTER SHARPER (I) ,DEM,251,2016,11,198f1bb27bad66f77c52eb032e4553c1a1b10ba29ffdc043f460d2559c156ac0
252112016,CHAD NIMMER (I) ,REP,252,2016,11,3cac74b424718298d3fbb869ebd573a16c7eab8899b17f55659bb4b4583eeb47
253112016,DON HOGAN ,REP,253,2016,11,4581e77deb0b86d45302ad55db448bc81d10d104e43015debdb216787fbd0a3c
254112016,JASON SPENCER (I) ,REP,254,2016,11,c55012e574cb16d329f9b3805efa6234455cc583bd8b5ec5285c3d63fbabdf1d
255112016,DICK PERRYMAN (I) ,REP,255,2016,11,4acadfc1e5cdccb1ae87d4880eee41b98b850426984b754348631db8a529a541
256112016,LAYLA ZON (I) ,REP,256,2016,11,98940f43b8e7bb1d4f4f792b46c41b7ef586c5fad73fa489305f8d9239712f7d
257112016,B ALISON SOSEBEE (I) ,REP,257,2016,11,2b2547778c2ced47bc8fecad4b8ca115a36e2d84d64dd60b223cc998635e306b
258112016,PAUL HOWARD JR. (I) ,DEM,258,2016,11,895f2f3c740ab955ca181197191ae00bdde64073260cc560b75715445c260175
259112016,ASHLEY WRIGHT (I) ,REP,259,2016,11,18abbed2d2edb686c83061574871f5f2d1e5e5d2fc8aab8031e9aaa73db86d21
260112016,SHANNON WALLACE (I) ,REP,260,2016,11,43f374865456e6967f2dc033e874424c51240d6ca390d2fed898a930eb90b797
261112016,JACKIE JOHNSON (I) ,REP,261,2016,11,1dd13e8c6602c5440c6eab96995d433750a3846a9231ed4a872a491eae7d811a
262112016,JULIA  SLATER (I) ,DEM,262,2016,11,57dd280c0e6907efad66861399627844e77da6a809dc8b17c04870b9c4709c62
263112016,ROSEMARY M GREENE (I) ,REP,263,2016,11,b10e9d1846825be9f5e7dce7a7c4354368059057b7eff484fe914f750cc1dc09
264112016,TRACY GRAHAM-LAWSON (I) ,DEM,264,2016,11,1f7d522dc7a08aa67d2748be7d45a7380b7e83a2822adba9b731b627bf495d6a
265112016,VIC REYNOLDS (I) ,REP,265,2016,11,fef7dcdc28a556257922f7230aab410261f54623f272aadf4bb43a5491e5e5e9
266112016,BERT POSTON (I) ,REP,266,2016,11,3dd1db5383e28168fb0a660086987859d5f226114ae64ba977351711d731cea4
267112016,BRADFORD L RIGBY,,267,2016,11,4d54ddde9d7147d0ef89fe775f85584929319cce25b607738b52e25a8aafe1a4
268112016,PETE SKANDALAKIS (I) ,REP,268,2016,11,d6a054236c6e8f8a7d48de21e7b3bdea4c19d369f823c9f3056cad1c4d249432
269112016,GREGORY EDWARDS (I) ,DEM,269,2016,11,33ef145da4fdb3ce4f9e61114ecd0a956f190faa4190af4eb7f5771145672801
270112016,CRAIG FRASER (I) ,REP,270,2016,11,efe36efb1d3c317e7e8b1e8a5e7dae87a5d5ed3e4a9fab83696341c565e2ccdc
271112016,MEG DALY HEAP (I) ,REP,271,2016,11,203a0982e1af58f7c36e1c58886e701cdd3f608058410f0053b421c6bf57ee3e
272112016,DARIUS PATTILLO ,DEM,272,2016,11,d42bc9afc75df1b441769d14c024db303f847a19d11e6cf9c78d39110cdd8e31
273112016,BEN COKER ,REP,273,2016,11,01ad3cea16e2292907e7405ca12f02ece0052feb6cbec05a6bd03d7b4473d542
274112016,"DANIEL J ""DANNY"" PORTER (I) ",REP,274,2016,11,e4224165981c101ca271f2ceccd2f977c52d415fac7d6088402d34168bfc8384
275112016,GEORGE HARTWIG (I) ,REP,275,2016,11,2cd7e12784126d9c5a76a1bf558ffbb159a59bc96d3ab76ac227c2e29debfe23
276112016,HERBERT (BUZZ) FRANKLIN (I) ,REP,276,2016,11,5c9d243b777bd027aab172fae1722b310fd1da21b5012ef63e04c20b234ba2f5
277112016,DAVID COOKE (I) ,DEM,277,2016,11,6636d027fb87486cff0434451c4de4c610ef9e1f2a50d9a9a259cb2dfaf5d8c3
278112016,HAYWARD ALTMAN (I) ,REP,278,2016,11,a579297352a8a8cafc1bc91406ac4cdb39da53a1bad088cdc4df981070b10733
279112016,GEORGE R. CHRISTIAN (I) ,REP,279,2016,11,e40f2c316b2a73c7a1cbdd94ee721be65cb94eaf2d11ad1275832daac043d922
280112016,PARKS WHITE (I) ,REP,280,2016,11,c7ec6f44ec3c16d92cbda617388afb0452c9eb9cabddff100b93cf3b7176b52a
281112016,STEPHEN BRADLEY (I) ,REP,281,2016,11,d468c97b2041f58115875406390992f33bf079d4c811f006f52a11bc48341449
282112016,TIMOTHY G. VAUGHN (I) ,DEM,282,2016,11,8acef249c62a4e5f85501ad4ec76764d2a9f23ba38c41638b9e6f5d6678d3719
283112016,RICHARD A MALLARD (I) ,REP,283,2016,11,d2ae4e4122d0d87ce53ab8fcd9b9fcf865fbe181609a10dbbdbe7c244d961f75
284112016,T.CRAIG EARNEST (I) ,DEM,284,2016,11,d4ec4371a9a09ca434e604c126c8e692b8e858694921a4baf7e5e3d26b015a60
285112016,BRAD SMITH (I) ,REP,285,2016,11,a51c9d982484bbbf017dfb879a70ddb3dd4f5658ec2cd4d8ffc8c9296d7b2a93
286112016,LEIGH E PATTERSON (I) ,REP,286,2016,11,855687623b913bdca5dcc190270c5c3cdc172ed0c60b74f638d445cf3c162e9f
286112016,W. JEREMY SALTER ,DEM,286,2016,11,bb8ff70f2e9ba51b9ede130d3ea3251bfcd76b6e2d37c9ffda2cc1378f99f7e4
287112016,JOE MULHOLLAND (I) ,DEM,287,2016,11,58d60d58495b16c48cdc59e88a64ca9c5b9b926b0f8bcda16da4a82a25dd43cc
288112016,BRAD SHEALY ,REP,288,2016,11,f7a909307363e9956b4933480e3841ac1995ad2c61b5157526403161cd71081f
289112016,PLEZ H. HARDIN (I) ,REP,289,2016,11,4abd4fdb43c4367a780838e25e9bfcaa5d5b6e97a4373f4d96e2c83af4c2708c
290112016,SHERRY BOSTON ,DEM,290,2016,11,3f53560a4f65c89729ed4381453f440f11091381dc98657a5429bc9f9824e726
291112016,JACK BROWNING (I) ,REP,291,2016,11,343e023ec6fe80c60e8e046e9ba15930b660152d14802d6f7b1c04e78f3fe571
292112016,PAUL BOWDEN (I) ,REP,292,2016,11,98c2bcf2d878241e9013cd4b72debaf3e9e0d67e217bab9501171e8a7151d242
293112016,"DURWOOD R. ""WOODY"" DAVIS ",REP,293,2016,11,03fad1d6eb8cf071d7bebe3c1e39dd542dd47c525b396019b6533d5ea6dc69a9
293112016,BILL DOUPE ,DEM,293,2016,11,071753766aed849b01c29196f8cc31a935a88896454a36e11f6d0db984ce0c05
294112016,KEN MAULDIN (I) ,DEM,294,2016,11,60aa34d5909eec907f2bd237ef5d182ed83f01b718ec079cd3792c9048a325ed
295112016,PENNY A PENN (I) ,REP,295,2016,11,03bee023cc3c4b88c302539b04555bc66d0508cf0103a2d6918c2d889adc7b5e
296112016,JONATHAN ADAMS ,REP,296,2016,11,f6d5ccb36956b12451a3fb225e97ba7b76ed2b3b04adcbb0a18e572a4e4e3646
297112016,YES,,297,2016,11,753f3a2fc0adc5d8f44cbdeaa035186e724837b9dd316ab579db54009b27d330
297112016,NO,,297,2016,11,753f3a2fc0adc5d8f44cbdeaa035186e724837b9dd316ab579db54009b27d330
298112016,YES,,298,2016,11,186862441683631ae85b3917dffdf15b71a4ef0756cd474aee2f5d30c955b567
298112016,NO,,298,2016,11,186862441683631ae85b3917dffdf15b71a4ef0756cd474aee2f5d30c955b567
299112016,YES,,299,2016,11,ccde43e47963c305c0c247b2dc2461e27ea8a1a5786dc4804b4c7c08e667f3d0
299112016,NO,,299,2016,11,ccde43e47963c305c0c247b2dc2461e27ea8a1a5786dc4804b4c7c08e667f3d0
300112016,YES,,300,2016,11,20fee98b212dc7fb47e030ce14720a4bcb956216440b469e27e2ec4d6e13b4e4
300112016,NO,,300,2016,11,20fee98b212dc7fb47e030ce14720a4bcb956216440b469e27e2ec4d6e13b4e4
